name,channel_name,id
"月ノ美兎","月ノ美兎","UCD-miitqNY3nyukJ4Fnf4_A"
"勇気ちひろ","ちひろチャンネル","UCLO9QDxVL4bnvRRsz6K4bsQ"
"える","エルフのえる / にじさんじ所属","UCYKP16oMX9KKPbrNgo_Kgag"
"樋口楓","樋口楓【にじさんじ所属】","UCsg-YqdqQ-KFF0LNk23BY4A"
"静凛","Shizuka Rin Official","UC6oDys1BGgBsIC3WhG1BovQ"
"渋谷ハジメ","渋谷ハジメのはじめ支部","UCeK9HFcRZoTrvqcUCtccMoQ"
"鈴谷アキ","鈴谷アキの陽だまりの庭","UCpnvhOIJ6BN-vPkYU9ls-Eg"
"モイラ","《にじさんじ所属の女神》モイラ","UCvmppcdYf4HOv-tFQhHHJMA"
"鈴鹿詩子","鈴鹿詩子 Utako Suzuka","UCwokZsOK_uEre70XayaFnzA"
"宇志海いちご","宇志海いちご","UCmUjjW5zF1MMOhYUwwwQv9Q"
"家長むぎ","Mugi Ienaga Official","UC_GCs6GARLxEHxy1w40d6VQ"
"夕陽リリ","Yuhi Riri Official","UC48jH1ul-6HOrcSSfoR02fQ"
"物述有栖","♥️♠️物述有栖♦️♣️","UCt0clH12Xk1-Ej5PXKGfdPA"
"文野環","文野環【にじさんじ所属の野良猫】","UCBiqkFJljoxAj10SoP2w2Cg"
"伏見ガク","伏見ガク【にじさんじ所属】","UCXU7YYxy_iQd3ulXyO-zC2w"
"ギルザレンIII世","Gilzaren III Season 1","UCUzJ90o1EjqUbk2pBAy0_aw"
"剣持刀也","剣持刀也【にじさんじ所属】","UCv1fFr156jc65EMiLbaLImw"
"森中花咲","森中花咲","UCtpB6Bvhs1Um93ziEDACQ8g"
"叶","Kanae Channel","UCspv01oxUFf_MTSipURRhkA"
"赤羽葉子","Akabane Channel","UCBi8YaVyZpiKWN3_Z0dCTfQ"
"闇夜乃モルル","闇夜乃モルル / Moruru Yamiyono","UCNUgrFCo2Hr_VXc9bEwjcHQ"
"本間ひまわり","本間ひまわり - Himawari Honma -","UC0g1AE0DOjBYnLhkgoRWN1w"
"魔界ノりりむ","魔界ノりりむ","UC9EjSJ8pvxtvPdxLOElv73w"
"葛葉","Kuzuha Channel","UCSFCh5NL4qXrAy9u-u2lX3g"
"雪汝","雪汝*setsuna channel","UCfM_A7lE6LkGrzx6_mOtI4g"
"椎名唯華 ","椎名唯華","UC_4tXjqecqox5Uc05ncxpxg"
"笹木咲","saku*channel","UCoztvTULBYd3WmStqYeoHcA"
"ドーラ","ドーラ","UC53UDnhAAYwvNO7j_2Ju1cQ"
"海夜叉神","海夜叉神【にじさんじ】","UCqEp6RdtsMbUNrCdCswr6pA"
"名伽尾アズマ","名伽尾アズマ☀️","UCks41vQN-hN-1KHmpZyPY3A"
"出雲霞","《IzumoKasumi》Project channel","UCLpYMk5h1bq8_GAFVBgXhPQ"
"轟京子","轟 京子","UCRV9d6YCYIMUszK-83TwxVA"
"シスター・クレア","シスター・クレア","UC1zFJrfEKvCixhsjNSb1toQ"
"花畑チャイカ","花畑チャイカ","UCsFn_ueskBkMCEyzCEqAOvg"
"社築","社築","UCKMYISTJAQ8xTplUPHiABlA"
"安土桃","安土桃","UC6TfqY40Xt1Y0J-N18c85qQ"
"鈴木勝","D.E.放送局【鈴木勝】","UCaF-mODqAziHivqg0Q61XKQ"
"緑仙","緑仙channel","UCt5-0i4AVHXaWJrL8Wql3mw"
"卯月コウ","卯月コウ","UC3lNFeJiTq6L3UWoz4g1e-A"
"八朔ゆず","八朔ゆず【にじさんじSEEDs】","UCFaDvgez8USXHiKidt0NtZg"
"神田笑一","神田笑一","UCWz0CSYCxf4MhRKPDm220AQ"
"鳴門こがね","鳴門こがね","UCF1JdALrXgub24weQpqDy9Q"
"飛鳥ひな","飛鳥ひな【にじさんじ所属】","UCiSRx1a2k-0tOg-fs6gAolQ"
"春崎エアル","春崎エアル","UCtAvQ5U0aXyKwm2i4GqFgJg"
"雨森小夜","雨森小夜","UCRWOdwLRsenx2jLaiCAIU4A"
"鷹宮リオン","鷹宮リオン","UCV5ZZlLjk5MKGg3L0n0vbzw"
"舞元啓介","舞元啓介","UCJubINhCcFXlsBwnHp0wl_g"
"竜胆尊","竜胆 尊 / Rindou Mikoto","UCPvGypSgfDkVe7JG2KygK7A"
"でびでび・でびる","でびでび・でびる","UCP19rQ5V-46B-6ZeLDJqp5w"
"桜凛月","桜凛月","UCfQVs_KuXeNAlGa3fb8rlnQ"
"町田ちま","町田ちま","UCo7TRj3cS-f_1D9ZDmuTsjw"
"月見しずく","月見しずく","UCqQV8xEBWd5SVZBLlYrS_5Q"
"ジョー・力一","ジョー・力一","UChUJbHiTVeGrSkTdBzVfNCQ"
"遠北千南","遠北千南","UCuz0vzQgC8LRdS6lVV0UkUg"
"成瀬鳴","成瀬 鳴","UCoM_XmK45j504hfUWvN06Qg"
"ベルモンド・バンデラス","ベルモンド・バンデラス","UCbc8fwhdUNlqi-J99ISYu4A"
"矢車りね","矢車りね - Rine Yaguruma -","UCvzVB-EYuHFXHZrObB8a_Og"
"夢追翔","夢追翔のJUKE BOX","UCTIE7LM5X15NVugV7Krp9Hw"
"黒井しば","黒井しば【にじさんじの犬】","UCmeyo5pRj_6PXG-CsGUuWWg"
"三枝明那","三枝明那 / Akina Saegusa","UCNW1Ex0r6HsWRD4LCtPwvoQ"
